{
  "model_type": "RandomForestClassifier",
  "timestamp": "20250912_053935",
  "training_date": "2025-09-12T05:39:38.127247",
  "best_parameters": {
    "n_estimators": 501,
    "min_samples_split": 2,
    "min_samples_leaf": 1,
    "max_features": "log2",
    "max_depth": 13,
    "class_weight": "balanced",
    "bootstrap": true
  },
  "n_features": 150,
  "n_samples_train": 139,
  "n_samples_test": 35,
  "feature_names": [
    0,
    1,
    2,
    3,
    4,
    5,
    6,
    7,
    8,
    9,
    10,
    11,
    12,
    13,
    14,
    15,
    16,
    17,
    18,
    19,
    20,
    21,
    22,
    23,
    24,
    25,
    26,
    27,
    28,
    29,
    30,
    31,
    32,
    33,
    34,
    35,
    36,
    37,
    38,
    39,
    40,
    41,
    42,
    43,
    44,
    45,
    46,
    47,
    48,
    49,
    50,
    51,
    52,
    53,
    54,
    55,
    56,
    57,
    58,
    59,
    60,
    61,
    62,
    63,
    64,
    65,
    66,
    67,
    68,
    69,
    70,
    71,
    72,
    73,
    74,
    75,
    76,
    77,
    78,
    79,
    80,
    81,
    82,
    83,
    84,
    85,
    86,
    87,
    88,
    89,
    90,
    91,
    92,
    93,
    94,
    95,
    96,
    97,
    98,
    99,
    100,
    101,
    102,
    103,
    104,
    105,
    106,
    107,
    108,
    109,
    110,
    111,
    112,
    113,
    114,
    115,
    116,
    117,
    118,
    119,
    120,
    121,
    122,
    123,
    124,
    125,
    126,
    127,
    128,
    129,
    130,
    131,
    132,
    133,
    134,
    135,
    136,
    137,
    138,
    139,
    140,
    141,
    142,
    143,
    144,
    145,
    146,
    147,
    148,
    149
  ],
  "target_classes": [
    "Healthy",
    "Patient"
  ],
  "performance_metrics": {
    "accuracy": 0.7714285714285715,
    "precision": 0.7272727272727273,
    "recall": 0.8888888888888888,
    "f1_score": 0.8,
    "auc": 0.8464052287581699,
    "y_pred": [
      0,
      1,
      0,
      0,
      1,
      0,
      1,
      1,
      0,
      1,
      1,
      1,
      0,
      0,
      1,
      1,
      1,
      1,
      0,
      1,
      1,
      0,
      1,
      0,
      1,
      0,
      0,
      1,
      1,
      1,
      0,
      1,
      1,
      1,
      1
    ],
    "y_prob": [
      0.05290008327660739,
      0.59893234825833,
      0.03548383225305546,
      0.08130263073897114,
      0.8123426147180319,
      0.12697195427573785,
      0.6557417158004657,
      0.979113695110363,
      0.3358417387675955,
      0.974563607933276,
      0.8114029132518974,
      0.9741883077045049,
      0.055335610569488033,
      0.22389739454243082,
      0.6994928396736173,
      0.7606917019957745,
      0.7386375883521463,
      0.5952752470443965,
      0.4310046413725305,
      0.8739299803107061,
      0.9224918468817623,
      0.22500278163188198,
      0.7565765522749606,
      0.257354587756876,
      0.6113460729785626,
      0.13964579909305677,
      0.24038610830323615,
      0.6593425180746102,
      0.6081408131187034,
      0.959552511505664,
      0.0742444860111681,
      0.5116177748183108,
      0.5140070397032732,
      0.9640771994732139,
      0.8534853823841061
    ]
  },
  "skewed_features": {
    "air_time1": 6.130824385733224,
    "disp_index1": 1.4108213381282673,
    "gmrt_in_air1": 1.8210520792347105,
    "gmrt_on_paper1": 2.3792000479384634,
    "max_x_extension1": 7.125000095198933,
    "max_y_extension1": 0.7417662469075258,
    "mean_acc_in_air1": 3.4583193091344056,
    "mean_acc_on_paper1": 3.3234286329774063,
    "mean_gmrt1": 1.8017866866277448,
    "mean_jerk_in_air1": 3.6144256759468734,
    "mean_jerk_on_paper1": 2.2759840098785813,
    "mean_speed_in_air1": 2.215137675934404,
    "mean_speed_on_paper1": 2.5137885737803463,
    "num_of_pendown1": 3.1199282306673264,
    "paper_time1": 5.557449331023949,
    "pressure_mean1": -1.2753170524796524,
    "pressure_var1": 1.8128712737493564,
    "total_time1": 6.2102845413563585,
    "air_time2": 4.794918154019396,
    "gmrt_in_air2": 0.655871612023991,
    "gmrt_on_paper2": 1.2494714416141592,
    "max_x_extension2": 4.2515216641088145,
    "max_y_extension2": 5.393443642564017,
    "mean_acc_in_air2": 1.9595322118154943,
    "mean_acc_on_paper2": 1.221177112683119,
    "mean_gmrt2": 0.6625962271027721,
    "mean_jerk_in_air2": 2.0023634765605727,
    "mean_jerk_on_paper2": 2.2492292486265795,
    "mean_speed_in_air2": 1.5468266012937393,
    "mean_speed_on_paper2": 1.2876574028294208,
    "num_of_pendown2": 3.900306392291102,
    "paper_time2": 2.7023843584764498,
    "pressure_mean2": -2.0554590695707566,
    "pressure_var2": 0.8293559785460032,
    "total_time2": 4.347439586968026,
    "air_time3": 2.7504749205256567,
    "gmrt_in_air3": 1.126330709289533,
    "gmrt_on_paper3": 0.8480644484717691,
    "max_x_extension3": 2.140241517831778,
    "max_y_extension3": 2.6345802276052424,
    "mean_acc_in_air3": 3.614973739061991,
    "mean_acc_on_paper3": 0.9476002312140909,
    "mean_gmrt3": 1.0915829715333716,
    "mean_jerk_in_air3": 3.6460680806099717,
    "mean_jerk_on_paper3": -0.6410693879297924,
    "mean_speed_in_air3": 1.514624177466874,
    "mean_speed_on_paper3": 0.9392596059104623,
    "num_of_pendown3": 1.719195037785414,
    "paper_time3": 1.8895722023987476,
    "pressure_mean3": -2.5293621810597346,
    "pressure_var3": 1.071828196821817,
    "total_time3": 1.6314901961550587,
    "air_time4": 10.247871346325239,
    "gmrt_in_air4": 1.4955480911946217,
    "gmrt_on_paper4": 2.3655587731565055,
    "max_x_extension4": 2.8465262150857753,
    "max_y_extension4": 3.273402126467484,
    "mean_acc_in_air4": 5.162959137031819,
    "mean_gmrt4": 1.3922978624142806,
    "mean_jerk_in_air4": 5.011541081148011,
    "mean_speed_in_air4": 3.042809462451918,
    "mean_speed_on_paper4": 2.5634460909089043,
    "num_of_pendown4": 5.712710669073944,
    "paper_time4": 1.176950262337553,
    "pressure_mean4": -2.9267738444158913,
    "pressure_var4": 2.4088669037243506,
    "total_time4": 7.422473927127277,
    "air_time5": 4.877755265168413,
    "disp_index5": 1.278204914739258,
    "gmrt_in_air5": 1.4790993522919686,
    "gmrt_on_paper5": 2.453280498903404,
    "max_x_extension5": 4.016382706831982,
    "max_y_extension5": 2.1057365019238343,
    "mean_acc_in_air5": 4.502397472939527,
    "mean_gmrt5": 1.3671252755124788,
    "mean_jerk_in_air5": 5.137872885216685,
    "mean_speed_in_air5": 2.9980705367997853,
    "mean_speed_on_paper5": 2.2049508205431505,
    "num_of_pendown5": 4.952706522197424,
    "paper_time5": 1.51583786752952,
    "pressure_mean5": -4.114224091094085,
    "pressure_var5": 2.3233508521225463,
    "total_time5": 3.20992052561684,
    "air_time6": 4.480492924504016,
    "disp_index6": 3.971093491605956,
    "gmrt_in_air6": 2.3453202220755043,
    "gmrt_on_paper6": 1.043986144452844,
    "max_x_extension6": 4.708425796851091,
    "max_y_extension6": 2.4425912765941438,
    "mean_acc_in_air6": 3.549474090483047,
    "mean_acc_on_paper6": 0.863756019515811,
    "mean_gmrt6": 1.0557150300937816,
    "mean_jerk_in_air6": 3.5662757242676593,
    "mean_speed_in_air6": 2.0054214239490835,
    "mean_speed_on_paper6": 1.199360804843529,
    "num_of_pendown6": 3.8637119158543176,
    "paper_time6": 3.3717230766173745,
    "pressure_mean6": -1.5518967477730554,
    "pressure_var6": 0.8841261026272765,
    "total_time6": 4.207608056486481,
    "air_time7": 6.830405266238579,
    "disp_index7": 2.3656166652841635,
    "gmrt_in_air7": 1.0339079829023463,
    "max_x_extension7": 0.9952354335698358,
    "max_y_extension7": 4.042360707185146,
    "mean_acc_in_air7": 1.2502330719699097,
    "mean_acc_on_paper7": 1.7471788147372072,
    "mean_jerk_in_air7": 1.2529563638958086,
    "mean_jerk_on_paper7": 1.1431931947308271,
    "mean_speed_in_air7": 1.1345764310020487,
    "mean_speed_on_paper7": 0.6211413430402462,
    "num_of_pendown7": 7.847569176598223,
    "paper_time7": 2.9928538873002077,